Date,SiteName,LocationName,WeekDay,BRCYear,InCount,OutCount,TotalCount
01/01/2024,NewYork,ATM Outlets,Monday,2024,2373.0,2838.0,5211.0
01/01/2024,NewYork,ShoppingMall,Monday,2024,3901.0,4124.0,8025.0
02/01/2024,NewYork,ATM Outlets,Tuesday,2024,2393.0,2361.0,4754.0
02/01/2024,NewYork,ShoppingMall,Tuesday,2024,5685.0,6114.0,11799.0
03/01/2024,NewYork,ATM Outlets,Wednesday,2024,3411.0,3306.0,6717.0
03/01/2024,NewYork,ShoppingMall,Wednesday,2024,6525.0,6656.0,13181.0
04/01/2024,NewYork,ATM Outlets,Thursday,2024,3128.0,3023.0,6151.0
04/01/2024,NewYork,ShoppingMall,Thursday,2024,6451.0,6271.0,12722.0
05/01/2024,NewYork,ATM Outlets,Friday,2024,3315.0,3144.0,6459.0
05/01/2024,NewYork,ShoppingMall,Friday,2024,6818.0,6665.0,13483.0
06/01/2024,NewYork,ATM Outlets,Saturday,2024,3493.0,3257.0,6750.0
06/01/2024,NewYork,ShoppingMall,Saturday,2024,7268.0,6599.0,13867.0
07/01/2024,NewYork,ATM Outlets,Sunday,2024,2158.0,2344.0,4502.0
07/01/2024,NewYork,ShoppingMall,Sunday,2024,4050.0,3926.0,7976.0
08/01/2024,NewYork,ATM Outlets,Monday,2024,2352.0,2147.0,4499.0
08/01/2024,NewYork,ShoppingMall,Monday,2024,4804.0,5164.0,9968.0
09/01/2024,NewYork,ATM Outlets,Tuesday,2024,2619.0,2422.0,5041.0
09/01/2024,NewYork,ShoppingMall,Tuesday,2024,4450.0,4756.0,9206.0
10/01/2024,NewYork,ATM Outlets,Wednesday,2024,2535.0,2321.0,4856.0
10/01/2024,NewYork,ShoppingMall,Wednesday,2024,6435.0,6772.0,13207.0
11/01/2024,NewYork,ATM Outlets,Thursday,2024,2638.0,2427.0,5065.0
11/01/2024,NewYork,ShoppingMall,Thursday,2024,5357.0,5761.0,11118.0
12/01/2024,NewYork,ATM Outlets,Friday,2024,2967.0,2911.0,5878.0
12/01/2024,NewYork,ShoppingMall,Friday,2024,5963.0,6432.0,12395.0
13/01/2024,NewYork,ATM Outlets,Saturday,2024,3685.0,3644.0,7329.0
13/01/2024,NewYork,ShoppingMall,Saturday,2024,6731.0,5780.0,12511.0
14/01/2024,NewYork,ATM Outlets,Sunday,2024,2210.0,2267.0,4477.0
14/01/2024,NewYork,ShoppingMall,Sunday,2024,3819.0,3383.0,7202.0
15/01/2024,NewYork,ATM Outlets,Monday,2024,2039.0,1958.0,3997.0
15/01/2024,NewYork,ShoppingMall,Monday,2024,3789.0,3806.0,7595.0
16/01/2024,NewYork,ATM Outlets,Tuesday,2024,2657.0,2291.0,4948.0
16/01/2024,NewYork,ShoppingMall,Tuesday,2024,5109.0,5021.0,10130.0
17/01/2024,NewYork,ATM Outlets,Wednesday,2024,2281.0,2183.0,4464.0
17/01/2024,NewYork,ShoppingMall,Wednesday,2024,4561.0,4861.0,9422.0
18/01/2024,NewYork,ATM Outlets,Thursday,2024,2235.0,2101.0,4336.0
18/01/2024,NewYork,ShoppingMall,Thursday,2024,4788.0,4844.0,9632.0
19/01/2024,NewYork,ATM Outlets,Friday,2024,3116.0,2838.0,5954.0
19/01/2024,NewYork,ShoppingMall,Friday,2024,6144.0,6294.0,12438.0
20/01/2024,NewYork,ATM Outlets,Saturday,2024,4121.0,3886.0,8007.0
20/01/2024,NewYork,ShoppingMall,Saturday,2024,8165.0,7713.0,15878.0
21/01/2024,NewYork,ATM Outlets,Sunday,2024,2242.0,2268.0,4510.0
21/01/2024,NewYork,ShoppingMall,Sunday,2024,3938.0,3452.0,7390.0
22/01/2024,NewYork,ATM Outlets,Monday,2024,1972.0,1924.0,3896.0
22/01/2024,NewYork,ShoppingMall,Monday,2024,4156.0,4262.0,8418.0
23/01/2024,NewYork,ATM Outlets,Tuesday,2024,2279.0,2221.0,4500.0
23/01/2024,NewYork,ShoppingMall,Tuesday,2024,4606.0,4628.0,9234.0
24/01/2024,NewYork,ATM Outlets,Wednesday,2024,2809.0,2540.0,5349.0
24/01/2024,NewYork,ShoppingMall,Wednesday,2024,5244.0,5775.0,11019.0
25/01/2024,NewYork,ATM Outlets,Thursday,2024,2791.0,2620.0,5411.0
25/01/2024,NewYork,ShoppingMall,Thursday,2024,5550.0,6301.0,11851.0
26/01/2024,NewYork,ATM Outlets,Friday,2024,3906.0,3291.0,7197.0
26/01/2024,NewYork,ShoppingMall,Friday,2024,7759.0,7801.0,15560.0
27/01/2024,NewYork,ATM Outlets,Saturday,2024,4720.0,4482.0,9202.0
27/01/2024,NewYork,ShoppingMall,Saturday,2024,9570.0,10757.0,20327.0
28/01/2024,NewYork,ATM Outlets,Sunday,2024,2615.0,2751.0,5366.0
28/01/2024,NewYork,ShoppingMall,Sunday,2024,5333.0,6454.0,11787.0
01/02/2024,NewYork,ATM Outlets,Thursday,2024,3081.0,2731.0,5812.0
01/02/2024,NewYork,ShoppingMall,Thursday,2024,5635.0,6057.0,11692.0
02/02/2024,NewYork,ATM Outlets,Friday,2024,4013.0,3300.0,7313.0
02/02/2024,NewYork,ShoppingMall,Friday,2024,6608.0,7054.0,13662.0
03/02/2024,NewYork,ATM Outlets,Saturday,2024,5394.0,5816.0,11210.0
03/02/2024,NewYork,ShoppingMall,Saturday,2024,17065.0,15944.0,33009.0
04/02/2024,NewYork,ATM Outlets,Sunday,2024,2931.0,3479.0,6410.0
04/02/2024,NewYork,ShoppingMall,Sunday,2024,8699.0,8291.0,16990.0
29/01/2024,NewYork,ATM Outlets,Monday,2024,2653.0,1911.0,4564.0
29/01/2024,NewYork,ShoppingMall,Monday,2024,3555.0,4271.0,7826.0
30/01/2024,NewYork,ATM Outlets,Tuesday,2024,3692.0,2540.0,6232.0
30/01/2024,NewYork,ShoppingMall,Tuesday,2024,4979.0,5097.0,10076.0
31/01/2024,NewYork,ATM Outlets,Wednesday,2024,3221.0,2446.0,5667.0
31/01/2024,NewYork,ShoppingMall,Wednesday,2024,4894.0,5325.0,10219.0
05/02/2024,NewYork,ATM Outlets,Monday,2024,3223.0,2586.0,5809.0
05/02/2024,NewYork,ShoppingMall,Monday,2024,5149.0,5552.0,10701.0
06/02/2024,NewYork,ATM Outlets,Tuesday,2024,3132.0,2409.0,5541.0
06/02/2024,NewYork,ShoppingMall,Tuesday,2024,4822.0,4933.0,9755.0
07/02/2024,NewYork,ATM Outlets,Wednesday,2024,3874.0,2837.0,6711.0
07/02/2024,NewYork,ShoppingMall,Wednesday,2024,7073.0,7524.0,14597.0
08/02/2024,NewYork,ATM Outlets,Thursday,2024,2618.0,2260.0,4878.0
08/02/2024,NewYork,ShoppingMall,Thursday,2024,4549.0,5364.0,9913.0
09/02/2024,NewYork,ATM Outlets,Friday,2024,3644.0,3119.0,6763.0
09/02/2024,NewYork,ShoppingMall,Friday,2024,6064.0,6459.0,12523.0
10/02/2024,NewYork,ATM Outlets,Saturday,2024,4713.0,4297.0,9010.0
10/02/2024,NewYork,ShoppingMall,Saturday,2024,10092.0,10251.0,20343.0
11/02/2024,NewYork,ATM Outlets,Sunday,2024,4254.0,3711.0,7965.0
11/02/2024,NewYork,ShoppingMall,Sunday,2024,8001.0,8414.0,16415.0
12/02/2024,NewYork,ATM Outlets,Monday,2024,4590.0,3807.0,8397.0
12/02/2024,NewYork,ShoppingMall,Monday,2024,11232.0,11849.0,23081.0
13/02/2024,NewYork,ATM Outlets,Tuesday,2024,4399.0,3641.0,8040.0
13/02/2024,NewYork,ShoppingMall,Tuesday,2024,8579.0,8735.0,17314.0
14/02/2024,NewYork,ATM Outlets,Wednesday,2024,4813.0,3775.0,8588.0
14/02/2024,NewYork,ShoppingMall,Wednesday,2024,10260.0,10342.0,20602.0
15/02/2024,NewYork,ATM Outlets,Thursday,2024,4780.0,3908.0,8688.0
15/02/2024,NewYork,ShoppingMall,Thursday,2024,9129.0,8798.0,17927.0
16/02/2024,NewYork,ATM Outlets,Friday,2024,5056.0,4296.0,9352.0
16/02/2024,NewYork,ShoppingMall,Friday,2024,11050.0,10402.0,21452.0
17/02/2024,NewYork,ATM Outlets,Saturday,2024,4430.0,4915.0,9345.0
17/02/2024,NewYork,ShoppingMall,Saturday,2024,14820.0,13426.0,28246.0
18/02/2024,NewYork,ATM Outlets,Sunday,2024,3821.0,3566.0,7387.0
18/02/2024,NewYork,ShoppingMall,Sunday,2024,11701.0,12524.0,24225.0
19/02/2024,NewYork,ATM Outlets,Monday,2024,4119.0,3239.0,7358.0
19/02/2024,NewYork,ShoppingMall,Monday,2024,8979.0,9218.0,18197.0
20/02/2024,NewYork,ATM Outlets,Tuesday,2024,3802.0,3191.0,6993.0
20/02/2024,NewYork,ShoppingMall,Tuesday,2024,7291.0,7821.0,15112.0
21/02/2024,NewYork,ATM Outlets,Wednesday,2024,3563.0,2949.0,6512.0
21/02/2024,NewYork,ShoppingMall,Wednesday,2024,6112.0,6848.0,12960.0
22/02/2024,NewYork,ATM Outlets,Thursday,2024,4086.0,3220.0,7306.0
22/02/2024,NewYork,ShoppingMall,Thursday,2024,7126.0,7497.0,14623.0
23/02/2024,NewYork,ATM Outlets,Friday,2024,4864.0,4100.0,8964.0
23/02/2024,NewYork,ShoppingMall,Friday,2024,10282.0,11346.0,21628.0
24/02/2024,NewYork,ATM Outlets,Saturday,2024,6263.0,5280.0,11543.0
24/02/2024,NewYork,ShoppingMall,Saturday,2024,17741.0,17842.0,35583.0
25/02/2024,NewYork,ATM Outlets,Sunday,2024,3589.0,3391.0,6980.0
25/02/2024,NewYork,ShoppingMall,Sunday,2024,9499.0,9459.0,18958.0
01/03/2024,NewYork,ATM Outlets,Friday,2024,4069.0,3290.0,7359.0
01/03/2024,NewYork,ShoppingMall,Friday,2024,5467.0,5496.0,10963.0
02/03/2024,NewYork,ATM Outlets,Saturday,2024,4846.0,4316.0,9162.0
02/03/2024,NewYork,ShoppingMall,Saturday,2024,8795.0,9480.0,18275.0
03/03/2024,NewYork,ATM Outlets,Sunday,2024,3332.0,3057.0,6389.0
03/03/2024,NewYork,ShoppingMall,Sunday,2024,6900.0,6564.0,13464.0
26/02/2024,NewYork,ATM Outlets,Monday,2024,3593.0,2769.0,6362.0
26/02/2024,NewYork,ShoppingMall,Monday,2024,6999.0,7713.0,14712.0
27/02/2024,NewYork,ATM Outlets,Tuesday,2024,3271.0,2697.0,5968.0
27/02/2024,NewYork,ShoppingMall,Tuesday,2024,4940.0,5306.0,10246.0
28/02/2024,NewYork,ATM Outlets,Wednesday,2024,3385.0,2869.0,6254.0
28/02/2024,NewYork,ShoppingMall,Wednesday,2024,5465.0,5766.0,11231.0
29/02/2024,NewYork,ATM Outlets,Thursday,2024,3463.0,2789.0,6252.0
29/02/2024,NewYork,ShoppingMall,Thursday,2024,5360.0,5706.0,11066.0
04/03/2024,NewYork,ATM Outlets,Monday,2024,3735.0,3004.0,6739.0
04/03/2024,NewYork,ShoppingMall,Monday,2024,8035.0,8530.0,16565.0
05/03/2024,NewYork,ATM Outlets,Tuesday,2024,3462.0,2772.0,6234.0
05/03/2024,NewYork,ShoppingMall,Tuesday,2024,5720.0,6011.0,11731.0
06/03/2024,NewYork,ATM Outlets,Wednesday,2024,3343.0,2860.0,6203.0
06/03/2024,NewYork,ShoppingMall,Wednesday,2024,5627.0,5936.0,11563.0
07/03/2024,NewYork,ATM Outlets,Thursday,2024,3580.0,3137.0,6717.0
07/03/2024,NewYork,ShoppingMall,Thursday,2024,5415.0,5810.0,11225.0
08/03/2024,NewYork,ATM Outlets,Friday,2024,4593.0,3655.0,8248.0
08/03/2024,NewYork,ShoppingMall,Friday,2024,7322.0,7514.0,14836.0
09/03/2024,NewYork,ATM Outlets,Saturday,2024,4888.0,4332.0,9220.0
09/03/2024,NewYork,ShoppingMall,Saturday,2024,10355.0,10655.0,21010.0
10/03/2024,NewYork,ATM Outlets,Sunday,2024,2655.0,2535.0,5190.0
10/03/2024,NewYork,ShoppingMall,Sunday,2024,4791.0,4908.0,9699.0
11/03/2024,NewYork,ATM Outlets,Monday,2024,3186.0,2588.0,5774.0
11/03/2024,NewYork,ShoppingMall,Monday,2024,5253.0,5499.0,10752.0
12/03/2024,NewYork,ATM Outlets,Tuesday,2024,3289.0,2707.0,5996.0
12/03/2024,NewYork,ShoppingMall,Tuesday,2024,5503.0,6033.0,11536.0
13/03/2024,NewYork,ATM Outlets,Wednesday,2024,3500.0,2911.0,6411.0
13/03/2024,NewYork,ShoppingMall,Wednesday,2024,6707.0,6784.0,13491.0
14/03/2024,NewYork,ATM Outlets,Thursday,2024,3758.0,3034.0,6792.0
14/03/2024,NewYork,ShoppingMall,Thursday,2024,5936.0,6350.0,12286.0
15/03/2024,NewYork,ATM Outlets,Friday,2024,4248.0,3419.0,7667.0
15/03/2024,NewYork,ShoppingMall,Friday,2024,7472.0,7781.0,15253.0
16/03/2024,NewYork,ATM Outlets,Saturday,2024,5417.0,4561.0,9978.0
16/03/2024,NewYork,ShoppingMall,Saturday,2024,13702.0,12781.0,26483.0
17/03/2024,NewYork,ATM Outlets,Sunday,2024,3455.0,2983.0,6438.0
17/03/2024,NewYork,ShoppingMall,Sunday,2024,6435.0,6732.0,13167.0
18/03/2024,NewYork,ATM Outlets,Monday,2024,3400.0,2754.0,6154.0
18/03/2024,NewYork,ShoppingMall,Monday,2024,8288.0,9204.0,17492.0
19/03/2024,NewYork,ATM Outlets,Tuesday,2024,3788.0,3020.0,6808.0
19/03/2024,NewYork,ShoppingMall,Tuesday,2024,8977.0,9321.0,18298.0
20/03/2024,NewYork,ATM Outlets,Wednesday,2024,3338.0,2769.0,6107.0
20/03/2024,NewYork,ShoppingMall,Wednesday,2024,5853.0,6438.0,12291.0
21/03/2024,NewYork,ATM Outlets,Thursday,2024,3577.0,2988.0,6565.0
21/03/2024,NewYork,ShoppingMall,Thursday,2024,6108.0,6329.0,12437.0
22/03/2024,NewYork,ATM Outlets,Friday,2024,4683.0,3614.0,8297.0
22/03/2024,NewYork,ShoppingMall,Friday,2024,10132.0,11004.0,21136.0
23/03/2024,NewYork,ATM Outlets,Saturday,2024,4981.0,4322.0,9303.0
23/03/2024,NewYork,ShoppingMall,Saturday,2024,9652.0,10161.0,19813.0
24/03/2024,NewYork,ATM Outlets,Sunday,2024,3660.0,3280.0,6940.0
24/03/2024,NewYork,ShoppingMall,Sunday,2024,7658.0,7368.0,15026.0
25/03/2024,NewYork,ATM Outlets,Monday,2024,3355.0,2864.0,6219.0
25/03/2024,NewYork,ShoppingMall,Monday,2024,8164.0,8184.0,16348.0
26/03/2024,NewYork,ATM Outlets,Tuesday,2024,3998.0,3225.0,7223.0
26/03/2024,NewYork,ShoppingMall,Tuesday,2024,11537.0,10009.0,21546.0
27/03/2024,NewYork,ATM Outlets,Wednesday,2024,4125.0,3284.0,7409.0
27/03/2024,NewYork,ShoppingMall,Wednesday,2024,11474.0,9783.0,21257.0
28/03/2024,NewYork,ATM Outlets,Thursday,2024,4428.0,3337.0,7765.0
28/03/2024,NewYork,ShoppingMall,Thursday,2024,12112.0,10567.0,22679.0
29/03/2024,NewYork,ATM Outlets,Friday,2024,5960.0,4321.0,10281.0
29/03/2024,NewYork,ShoppingMall,Friday,2024,17721.0,14667.0,32388.0
30/03/2024,NewYork,ATM Outlets,Saturday,2024,6056.0,4478.0,10534.0
30/03/2024,NewYork,ShoppingMall,Saturday,2024,21200.0,17646.0,38846.0
31/03/2024,NewYork,ATM Outlets,Sunday,2024,4628.0,3508.0,8136.0
31/03/2024,NewYork,ShoppingMall,Sunday,2024,14020.0,11008.0,25028.0
01/04/2024,NewYork,ATM Outlets,Monday,2024,3889.0,2956.0,6845.0
01/04/2024,NewYork,ShoppingMall,Monday,2024,7434.0,7118.0,14552.0
02/04/2024,NewYork,ATM Outlets,Tuesday,2024,4477.0,3500.0,7977.0
02/04/2024,NewYork,ShoppingMall,Tuesday,2024,10721.0,10583.0,21304.0
03/04/2024,NewYork,ATM Outlets,Wednesday,2024,4495.0,3718.0,8213.0
03/04/2024,NewYork,ShoppingMall,Wednesday,2024,8580.0,8598.0,17178.0
04/04/2024,NewYork,ATM Outlets,Thursday,2024,4369.0,3632.0,8001.0
04/04/2024,NewYork,ShoppingMall,Thursday,2024,8390.0,8643.0,17033.0
05/04/2024,NewYork,ATM Outlets,Friday,2024,4949.0,4115.0,9064.0
05/04/2024,NewYork,ShoppingMall,Friday,2024,9835.0,10020.0,19855.0
06/04/2024,NewYork,ATM Outlets,Saturday,2024,4972.0,4118.0,9090.0
06/04/2024,NewYork,ShoppingMall,Saturday,2024,13398.0,13127.0,26525.0
07/04/2024,NewYork,ATM Outlets,Sunday,2024,3340.0,3042.0,6382.0
07/04/2024,NewYork,ShoppingMall,Sunday,2024,6653.0,7145.0,13798.0
08/04/2024,NewYork,ATM Outlets,Monday,2024,3932.0,3088.0,7020.0
08/04/2024,NewYork,ShoppingMall,Monday,2024,8203.0,8899.0,17102.0
09/04/2024,NewYork,ATM Outlets,Tuesday,2024,3629.0,3100.0,6729.0
09/04/2024,NewYork,ShoppingMall,Tuesday,2024,6111.0,7189.0,13300.0
10/04/2024,NewYork,ATM Outlets,Wednesday,2024,4187.0,3545.0,7732.0
10/04/2024,NewYork,ShoppingMall,Wednesday,2024,7280.0,7837.0,15117.0
11/04/2024,NewYork,ATM Outlets,Thursday,2024,4805.0,3725.0,8530.0
11/04/2024,NewYork,ShoppingMall,Thursday,2024,9377.0,9617.0,18994.0
12/04/2024,NewYork,ATM Outlets,Friday,2024,4989.0,4303.0,9292.0
12/04/2024,NewYork,ShoppingMall,Friday,2024,9304.0,9848.0,19152.0
13/04/2024,NewYork,ATM Outlets,Saturday,2024,5315.0,4661.0,9976.0
13/04/2024,NewYork,ShoppingMall,Saturday,2024,14705.0,14513.0,29218.0
14/04/2024,NewYork,ATM Outlets,Sunday,2024,3454.0,3346.0,6800.0
14/04/2024,NewYork,ShoppingMall,Sunday,2024,8521.0,9057.0,17578.0
15/04/2024,NewYork,ATM Outlets,Monday,2024,3379.0,2721.0,6100.0
15/04/2024,NewYork,ShoppingMall,Monday,2024,6220.0,7279.0,13499.0
16/04/2024,NewYork,ATM Outlets,Tuesday,2024,3475.0,2852.0,6327.0
16/04/2024,NewYork,ShoppingMall,Tuesday,2024,10012.0,10944.0,20956.0
17/04/2024,NewYork,ATM Outlets,Wednesday,2024,3056.0,2508.0,5564.0
17/04/2024,NewYork,ShoppingMall,Wednesday,2024,9296.0,9288.0,18584.0
18/04/2024,NewYork,ATM Outlets,Thursday,2024,3267.0,2649.0,5916.0
18/04/2024,NewYork,ShoppingMall,Thursday,2024,7949.0,7976.0,15925.0
19/04/2024,NewYork,ATM Outlets,Friday,2024,4938.0,3764.0,8702.0
19/04/2024,NewYork,ShoppingMall,Friday,2024,12669.0,12525.0,25194.0
20/04/2024,NewYork,ATM Outlets,Saturday,2024,7171.0,5246.0,12417.0
20/04/2024,NewYork,ShoppingMall,Saturday,2024,18380.0,17872.0,36252.0
21/04/2024,NewYork,ATM Outlets,Sunday,2024,4727.0,3832.0,8559.0
21/04/2024,NewYork,ShoppingMall,Sunday,2024,12398.0,12733.0,25131.0
22/04/2024,NewYork,ATM Outlets,Monday,2024,2960.0,2416.0,5376.0
22/04/2024,NewYork,ShoppingMall,Monday,2024,6680.0,7321.0,14001.0
23/04/2024,NewYork,ATM Outlets,Tuesday,2024,3326.0,2775.0,6101.0
23/04/2024,NewYork,ShoppingMall,Tuesday,2024,6563.0,7232.0,13795.0
24/04/2024,NewYork,ATM Outlets,Wednesday,2024,3415.0,2898.0,6313.0
24/04/2024,NewYork,ShoppingMall,Wednesday,2024,6631.0,7040.0,13671.0
25/04/2024,NewYork,ATM Outlets,Thursday,2024,3451.0,2679.0,6130.0
25/04/2024,NewYork,ShoppingMall,Thursday,2024,6998.0,8021.0,15019.0
26/04/2024,NewYork,ATM Outlets,Friday,2024,4461.0,3596.0,8057.0
26/04/2024,NewYork,ShoppingMall,Friday,2024,8946.0,9204.0,18150.0
27/04/2024,NewYork,ATM Outlets,Saturday,2024,7424.0,5351.0,12775.0
27/04/2024,NewYork,ShoppingMall,Saturday,2024,13140.0,13663.0,26803.0
28/04/2024,NewYork,ATM Outlets,Sunday,2024,3314.0,2845.0,6159.0
28/04/2024,NewYork,ShoppingMall,Sunday,2024,5247.0,6242.0,11489.0
01/05/2024,NewYork,ATM Outlets,Wednesday,2024,3742.0,3109.0,6851.0
01/05/2024,NewYork,ShoppingMall,Wednesday,2024,7382.0,8235.0,15617.0
02/05/2024,NewYork,ATM Outlets,Thursday,2024,4410.0,3565.0,7975.0
02/05/2024,NewYork,ShoppingMall,Thursday,2024,9734.0,10766.0,20500.0
03/05/2024,NewYork,ATM Outlets,Friday,2024,4090.0,3461.0,7551.0
03/05/2024,NewYork,ShoppingMall,Friday,2024,7469.0,8131.0,15600.0
04/05/2024,NewYork,ATM Outlets,Saturday,2024,5195.0,4848.0,10043.0
04/05/2024,NewYork,ShoppingMall,Saturday,2024,15869.0,15010.0,30879.0
05/05/2024,NewYork,ATM Outlets,Sunday,2024,4585.0,3892.0,8477.0
05/05/2024,NewYork,ShoppingMall,Sunday,2024,11127.0,10715.0,21842.0
29/04/2024,NewYork,ATM Outlets,Monday,2024,3556.0,2870.0,6426.0
29/04/2024,NewYork,ShoppingMall,Monday,2024,6676.0,7559.0,14235.0
30/04/2024,NewYork,ATM Outlets,Tuesday,2024,4164.0,3102.0,7266.0
30/04/2024,NewYork,ShoppingMall,Tuesday,2024,9516.0,10480.0,19996.0
06/05/2024,NewYork,ATM Outlets,Monday,2024,3303.0,2876.0,6179.0
06/05/2024,NewYork,ShoppingMall,Monday,2024,9844.0,10203.0,20047.0
07/05/2024,NewYork,ATM Outlets,Tuesday,2024,3594.0,2314.0,5908.0
07/05/2024,NewYork,ShoppingMall,Tuesday,2024,8309.0,8774.0,17083.0
08/05/2024,NewYork,ATM Outlets,Wednesday,2024,4085.0,2985.0,7070.0
08/05/2024,NewYork,ShoppingMall,Wednesday,2024,8292.0,8789.0,17081.0
09/05/2024,NewYork,ATM Outlets,Thursday,2024,4090.0,3030.0,7120.0
09/05/2024,NewYork,ShoppingMall,Thursday,2024,9577.0,10424.0,20001.0
10/05/2024,NewYork,ATM Outlets,Friday,2024,4290.0,3255.0,7545.0
10/05/2024,NewYork,ShoppingMall,Friday,2024,9637.0,9919.0,19556.0
11/05/2024,NewYork,ATM Outlets,Saturday,2024,6517.0,4315.0,10832.0
11/05/2024,NewYork,ShoppingMall,Saturday,2024,17681.0,18487.0,36168.0
12/05/2024,NewYork,ATM Outlets,Sunday,2024,4076.0,2782.0,6858.0
12/05/2024,NewYork,ShoppingMall,Sunday,2024,9303.0,9152.0,18455.0
13/05/2024,NewYork,ATM Outlets,Monday,2024,4102.0,2808.0,6910.0
13/05/2024,NewYork,ShoppingMall,Monday,2024,9549.0,9733.0,19282.0
14/05/2024,NewYork,ATM Outlets,Tuesday,2024,3173.0,2508.0,5681.0
14/05/2024,NewYork,ShoppingMall,Tuesday,2024,6193.0,6440.0,12633.0
15/05/2024,NewYork,ATM Outlets,Wednesday,2024,3923.0,3155.0,7078.0
15/05/2024,NewYork,ShoppingMall,Wednesday,2024,7674.0,7682.0,15356.0
16/05/2024,NewYork,ATM Outlets,Thursday,2024,4158.0,3256.0,7414.0
16/05/2024,NewYork,ShoppingMall,Thursday,2024,8131.0,8680.0,16811.0
17/05/2024,NewYork,ATM Outlets,Friday,2024,5034.0,3551.0,8585.0
17/05/2024,NewYork,ShoppingMall,Friday,2024,10034.0,9939.0,19973.0
18/05/2024,NewYork,ATM Outlets,Saturday,2024,5885.0,4279.0,10164.0
18/05/2024,NewYork,ShoppingMall,Saturday,2024,13621.0,13627.0,27248.0
19/05/2024,NewYork,ATM Outlets,Sunday,2024,4331.0,2965.0,7296.0
19/05/2024,NewYork,ShoppingMall,Sunday,2024,8997.0,9763.0,18760.0
20/05/2024,NewYork,ATM Outlets,Monday,2024,3745.0,2836.0,6581.0
20/05/2024,NewYork,ShoppingMall,Monday,2024,7203.0,7348.0,14551.0
21/05/2024,NewYork,ATM Outlets,Tuesday,2024,3685.0,2844.0,6529.0
21/05/2024,NewYork,ShoppingMall,Tuesday,2024,8170.0,8106.0,16276.0
22/05/2024,NewYork,ATM Outlets,Wednesday,2024,2938.0,2435.0,5373.0
22/05/2024,NewYork,ShoppingMall,Wednesday,2024,6081.0,6742.0,12823.0
23/05/2024,NewYork,ATM Outlets,Thursday,2024,3755.0,2961.0,6716.0
23/05/2024,NewYork,ShoppingMall,Thursday,2024,7556.0,8189.0,15745.0
24/05/2024,NewYork,ATM Outlets,Friday,2024,4719.0,3480.0,8199.0
24/05/2024,NewYork,ShoppingMall,Friday,2024,10000.0,9369.0,19369.0
25/05/2024,NewYork,ATM Outlets,Saturday,2024,6783.0,4626.0,11409.0
25/05/2024,NewYork,ShoppingMall,Saturday,2024,12864.0,12000.0,24864.0
26/05/2024,NewYork,ATM Outlets,Sunday,2024,4514.0,3564.0,8078.0
26/05/2024,NewYork,ShoppingMall,Sunday,2024,9661.0,9799.0,19460.0
01/06/2024,NewYork,ATM Outlets,Saturday,2024,7426.0,4759.0,12185.0
01/06/2024,NewYork,ShoppingMall,Saturday,2024,16082.0,16002.0,32084.0
02/06/2024,NewYork,ATM Outlets,Sunday,2024,4612.0,3373.0,7985.0
02/06/2024,NewYork,ShoppingMall,Sunday,2024,10443.0,10500.0,20943.0
27/05/2024,NewYork,ATM Outlets,Monday,2024,4766.0,3516.0,8282.0
27/05/2024,NewYork,ShoppingMall,Monday,2024,11308.0,10825.0,22133.0
28/05/2024,NewYork,ATM Outlets,Tuesday,2024,4519.0,3511.0,8030.0
28/05/2024,NewYork,ShoppingMall,Tuesday,2024,10700.0,10727.0,21427.0
29/05/2024,NewYork,ATM Outlets,Wednesday,2024,5251.0,3800.0,9051.0
29/05/2024,NewYork,ShoppingMall,Wednesday,2024,12509.0,12855.0,25364.0
30/05/2024,NewYork,ATM Outlets,Thursday,2024,4852.0,3819.0,8671.0
30/05/2024,NewYork,ShoppingMall,Thursday,2024,10974.0,10821.0,21795.0
31/05/2024,NewYork,ATM Outlets,Friday,2024,5203.0,3739.0,8942.0
31/05/2024,NewYork,ShoppingMall,Friday,2024,12505.0,12764.0,25269.0
03/06/2024,NewYork,ATM Outlets,Monday,2024,3825.0,2866.0,6691.0
03/06/2024,NewYork,ShoppingMall,Monday,2024,9444.0,9839.0,19283.0
04/06/2024,NewYork,ATM Outlets,Tuesday,2024,3702.0,3004.0,6706.0
04/06/2024,NewYork,ShoppingMall,Tuesday,2024,6216.0,6492.0,12708.0
05/06/2024,NewYork,ATM Outlets,Wednesday,2024,4668.0,3492.0,8160.0
05/06/2024,NewYork,ShoppingMall,Wednesday,2024,10170.0,10427.0,20597.0
06/06/2024,NewYork,ATM Outlets,Thursday,2024,4620.0,3791.0,8411.0
06/06/2024,NewYork,ShoppingMall,Thursday,2024,10538.0,11035.0,21573.0
07/06/2024,NewYork,ATM Outlets,Friday,2024,4649.0,3633.0,8282.0
07/06/2024,NewYork,ShoppingMall,Friday,2024,10373.0,10943.0,21316.0
08/06/2024,NewYork,ATM Outlets,Saturday,2024,6031.0,4487.0,10518.0
08/06/2024,NewYork,ShoppingMall,Saturday,2024,12999.0,13902.0,26901.0
09/06/2024,NewYork,ATM Outlets,Sunday,2024,3640.0,3113.0,6753.0
09/06/2024,NewYork,ShoppingMall,Sunday,2024,7387.0,7947.0,15334.0
10/06/2024,NewYork,ATM Outlets,Monday,2024,3693.0,2921.0,6614.0
10/06/2024,NewYork,ShoppingMall,Monday,2024,7635.0,8365.0,16000.0
11/06/2024,NewYork,ATM Outlets,Tuesday,2024,4015.0,3075.0,7090.0
11/06/2024,NewYork,ShoppingMall,Tuesday,2024,7195.0,7758.0,14953.0
12/06/2024,NewYork,ATM Outlets,Wednesday,2024,3777.0,3074.0,6851.0
12/06/2024,NewYork,ShoppingMall,Wednesday,2024,7872.0,8030.0,15902.0
13/06/2024,NewYork,ATM Outlets,Thursday,2024,4079.0,3454.0,7533.0
13/06/2024,NewYork,ShoppingMall,Thursday,2024,7447.0,7639.0,15086.0
14/06/2024,NewYork,ATM Outlets,Friday,2024,4799.0,3422.0,8221.0
14/06/2024,NewYork,ShoppingMall,Friday,2024,8043.0,8151.0,16194.0
15/06/2024,NewYork,ATM Outlets,Saturday,2024,5571.0,4438.0,10009.0
15/06/2024,NewYork,ShoppingMall,Saturday,2024,10465.0,10570.0,21035.0
16/06/2024,NewYork,ATM Outlets,Sunday,2024,3899.0,3195.0,7094.0
16/06/2024,NewYork,ShoppingMall,Sunday,2024,8968.0,9186.0,18154.0
17/06/2024,NewYork,ATM Outlets,Monday,2024,3673.0,2953.0,6626.0
17/06/2024,NewYork,ShoppingMall,Monday,2024,7616.0,7650.0,15266.0
18/06/2024,NewYork,ATM Outlets,Tuesday,2024,4025.0,3277.0,7302.0
18/06/2024,NewYork,ShoppingMall,Tuesday,2024,8391.0,8770.0,17161.0
19/06/2024,NewYork,ATM Outlets,Wednesday,2024,4066.0,3229.0,7295.0
19/06/2024,NewYork,ShoppingMall,Wednesday,2024,9851.0,10169.0,20020.0
20/06/2024,NewYork,ATM Outlets,Thursday,2024,4204.0,3459.0,7663.0
20/06/2024,NewYork,ShoppingMall,Thursday,2024,9643.0,9438.0,19081.0
21/06/2024,NewYork,ATM Outlets,Friday,2024,5396.0,3781.0,9177.0
21/06/2024,NewYork,ShoppingMall,Friday,2024,10668.0,11429.0,22097.0
22/06/2024,NewYork,ATM Outlets,Saturday,2024,5759.0,4368.0,10127.0
22/06/2024,NewYork,ShoppingMall,Saturday,2024,14100.0,14995.0,29095.0
23/06/2024,NewYork,ATM Outlets,Sunday,2024,4100.0,2849.0,6949.0
23/06/2024,NewYork,ShoppingMall,Sunday,2024,9377.0,9762.0,19139.0
24/06/2024,NewYork,ATM Outlets,Monday,2024,4333.0,3195.0,7528.0
24/06/2024,NewYork,ShoppingMall,Monday,2024,8241.0,7951.0,16192.0
25/06/2024,NewYork,ATM Outlets,Tuesday,2024,3695.0,3060.0,6755.0
25/06/2024,NewYork,ShoppingMall,Tuesday,2024,8212.0,9050.0,17262.0
26/06/2024,NewYork,ATM Outlets,Wednesday,2024,4225.0,3456.0,7681.0
26/06/2024,NewYork,ShoppingMall,Wednesday,2024,9896.0,10853.0,20749.0
27/06/2024,NewYork,ATM Outlets,Thursday,2024,4316.0,3374.0,7690.0
27/06/2024,NewYork,ShoppingMall,Thursday,2024,9201.0,9263.0,18464.0
28/06/2024,NewYork,ATM Outlets,Friday,2024,4630.0,3561.0,8191.0
28/06/2024,NewYork,ShoppingMall,Friday,2024,9720.0,9772.0,19492.0
29/06/2024,NewYork,ATM Outlets,Saturday,2024,5842.0,4602.0,10444.0
29/06/2024,NewYork,ShoppingMall,Saturday,2024,11996.0,12014.0,24010.0
30/06/2024,NewYork,ATM Outlets,Sunday,2024,4026.0,3157.0,7183.0
30/06/2024,NewYork,ShoppingMall,Sunday,2024,7216.0,7031.0,14247.0
01/07/2024,NewYork,ATM Outlets,Monday,2024,3715.0,2885.0,6600.0
01/07/2024,NewYork,ShoppingMall,Monday,2024,7417.0,7283.0,14700.0
02/07/2024,NewYork,ATM Outlets,Tuesday,2024,3897.0,3429.0,7326.0
02/07/2024,NewYork,ShoppingMall,Tuesday,2024,8288.0,8304.0,16592.0
03/07/2024,NewYork,ATM Outlets,Wednesday,2024,3974.0,3406.0,7380.0
03/07/2024,NewYork,ShoppingMall,Wednesday,2024,7985.0,7632.0,15617.0
04/07/2024,NewYork,ATM Outlets,Thursday,2024,4233.0,3509.0,7742.0
04/07/2024,NewYork,ShoppingMall,Thursday,2024,8568.0,8714.0,17282.0
05/07/2024,NewYork,ATM Outlets,Friday,2024,5631.0,4194.0,9825.0
05/07/2024,NewYork,ShoppingMall,Friday,2024,11333.0,11264.0,22597.0
06/07/2024,NewYork,ATM Outlets,Saturday,2024,6075.0,4367.0,10442.0
06/07/2024,NewYork,ShoppingMall,Saturday,2024,12433.0,12246.0,24679.0
07/07/2024,NewYork,ATM Outlets,Sunday,2024,3850.0,2992.0,6842.0
07/07/2024,NewYork,ShoppingMall,Sunday,2024,7861.0,8132.0,15993.0
08/07/2024,NewYork,ATM Outlets,Monday,2024,4569.0,3408.0,7977.0
08/07/2024,NewYork,ShoppingMall,Monday,2024,9595.0,9164.0,18759.0
09/07/2024,NewYork,ATM Outlets,Tuesday,2024,3223.0,2625.0,5848.0
09/07/2024,NewYork,ShoppingMall,Tuesday,2024,6718.0,6744.0,13462.0
10/07/2024,NewYork,ATM Outlets,Wednesday,2024,3963.0,3160.0,7123.0
10/07/2024,NewYork,ShoppingMall,Wednesday,2024,8408.0,7372.0,15780.0
11/07/2024,NewYork,ATM Outlets,Thursday,2024,4177.0,3373.0,7550.0
11/07/2024,NewYork,ShoppingMall,Thursday,2024,8593.0,8372.0,16965.0
12/07/2024,NewYork,ATM Outlets,Friday,2024,4873.0,3517.0,8390.0
12/07/2024,NewYork,ShoppingMall,Friday,2024,8691.0,8615.0,17306.0
13/07/2024,NewYork,ATM Outlets,Saturday,2024,6577.0,4389.0,10966.0
13/07/2024,NewYork,ShoppingMall,Saturday,2024,11543.0,11403.0,22946.0
14/07/2024,NewYork,ATM Outlets,Sunday,2024,4058.0,3124.0,7182.0
14/07/2024,NewYork,ShoppingMall,Sunday,2024,7126.0,7174.0,14300.0
15/07/2024,NewYork,ATM Outlets,Monday,2024,4910.0,3799.0,8709.0
15/07/2024,NewYork,ShoppingMall,Monday,2024,9136.0,8952.0,18088.0
16/07/2024,NewYork,ATM Outlets,Tuesday,2024,3787.0,2940.0,6727.0
16/07/2024,NewYork,ShoppingMall,Tuesday,2024,8898.0,8569.0,17467.0
17/07/2024,NewYork,ATM Outlets,Wednesday,2024,4767.0,3448.0,8215.0
17/07/2024,NewYork,ShoppingMall,Wednesday,2024,9793.0,9131.0,18924.0
18/07/2024,NewYork,ATM Outlets,Thursday,2024,4623.0,3652.0,8275.0
18/07/2024,NewYork,ShoppingMall,Thursday,2024,10856.0,10015.0,20871.0
19/07/2024,NewYork,ATM Outlets,Friday,2024,5504.0,3790.0,9294.0
19/07/2024,NewYork,ShoppingMall,Friday,2024,12336.0,12130.0,24466.0
20/07/2024,NewYork,ATM Outlets,Saturday,2024,6355.0,4730.0,11085.0
20/07/2024,NewYork,ShoppingMall,Saturday,2024,14037.0,13194.0,27231.0
21/07/2024,NewYork,ATM Outlets,Sunday,2024,4363.0,3369.0,7732.0
21/07/2024,NewYork,ShoppingMall,Sunday,2024,8366.0,8085.0,16451.0
22/07/2024,NewYork,ATM Outlets,Monday,2024,4184.0,3369.0,7553.0
22/07/2024,NewYork,ShoppingMall,Monday,2024,8970.0,8688.0,17658.0
23/07/2024,NewYork,ATM Outlets,Tuesday,2024,4379.0,3444.0,7823.0
23/07/2024,NewYork,ShoppingMall,Tuesday,2024,10745.0,10483.0,21228.0
24/07/2024,NewYork,ATM Outlets,Wednesday,2024,4291.0,3658.0,7949.0
24/07/2024,NewYork,ShoppingMall,Wednesday,2024,9877.0,9316.0,19193.0
25/07/2024,NewYork,ATM Outlets,Thursday,2024,4579.0,3456.0,8035.0
25/07/2024,NewYork,ShoppingMall,Thursday,2024,9988.0,9090.0,19078.0
26/07/2024,NewYork,ATM Outlets,Friday,2024,6225.0,4489.0,10714.0
26/07/2024,NewYork,ShoppingMall,Friday,2024,12476.0,12118.0,24594.0
27/07/2024,NewYork,ATM Outlets,Saturday,2024,7566.0,4473.0,12039.0
27/07/2024,NewYork,ShoppingMall,Saturday,2024,12848.0,12149.0,24997.0
28/07/2024,NewYork,ATM Outlets,Sunday,2024,5045.0,3373.0,8418.0
28/07/2024,NewYork,ShoppingMall,Sunday,2024,10812.0,11138.0,21950.0
01/08/2024,NewYork,ATM Outlets,Thursday,2024,5171.0,3880.0,9051.0
01/08/2024,NewYork,ShoppingMall,Thursday,2024,12177.0,14043.0,26220.0
02/08/2024,NewYork,ATM Outlets,Friday,2024,5580.0,3899.0,9479.0
02/08/2024,NewYork,ShoppingMall,Friday,2024,13186.0,14988.0,28174.0
03/08/2024,NewYork,ATM Outlets,Saturday,2024,6683.0,4488.0,11171.0
03/08/2024,NewYork,ShoppingMall,Saturday,2024,15310.0,17238.0,32548.0
04/08/2024,NewYork,ATM Outlets,Sunday,2024,4507.0,3404.0,7911.0
04/08/2024,NewYork,ShoppingMall,Sunday,2024,9384.0,10127.0,19511.0
29/07/2024,NewYork,ATM Outlets,Monday,2024,5095.0,3501.0,8596.0
29/07/2024,NewYork,ShoppingMall,Monday,2024,11268.0,12094.0,23362.0
30/07/2024,NewYork,ATM Outlets,Tuesday,2024,5004.0,3546.0,8550.0
30/07/2024,NewYork,ShoppingMall,Tuesday,2024,11655.0,10773.0,22428.0
31/07/2024,NewYork,ATM Outlets,Wednesday,2024,5493.0,3728.0,9221.0
31/07/2024,NewYork,ShoppingMall,Wednesday,2024,12276.0,12402.0,24678.0
05/08/2024,NewYork,ATM Outlets,Monday,2024,4392.0,3299.0,7691.0
05/08/2024,NewYork,ShoppingMall,Monday,2024,9708.0,9403.0,19111.0
06/08/2024,NewYork,ATM Outlets,Tuesday,2024,5078.0,3657.0,8735.0
06/08/2024,NewYork,ShoppingMall,Tuesday,2024,11157.0,10426.0,21583.0
07/08/2024,NewYork,ATM Outlets,Wednesday,2024,4207.0,3446.0,7653.0
07/08/2024,NewYork,ShoppingMall,Wednesday,2024,9841.0,9106.0,18947.0
08/08/2024,NewYork,ATM Outlets,Thursday,2024,4452.0,3582.0,8034.0
08/08/2024,NewYork,ShoppingMall,Thursday,2024,9078.0,9144.0,18222.0
09/08/2024,NewYork,ATM Outlets,Friday,2024,5042.0,3930.0,8972.0
09/08/2024,NewYork,ShoppingMall,Friday,2024,12183.0,12221.0,24404.0
10/08/2024,NewYork,ATM Outlets,Saturday,2024,5707.0,4373.0,10080.0
10/08/2024,NewYork,ShoppingMall,Saturday,2024,14105.0,13351.0,27456.0
11/08/2024,NewYork,ATM Outlets,Sunday,2024,4560.0,3067.0,7627.0
11/08/2024,NewYork,ShoppingMall,Sunday,2024,10312.0,10091.0,20403.0
12/08/2024,NewYork,ATM Outlets,Monday,2024,4271.0,3349.0,7620.0
12/08/2024,NewYork,ShoppingMall,Monday,2024,10086.0,10317.0,20403.0
13/08/2024,NewYork,ATM Outlets,Tuesday,2024,4476.0,3535.0,8011.0
13/08/2024,NewYork,ShoppingMall,Tuesday,2024,11079.0,10166.0,21245.0
14/08/2024,NewYork,ATM Outlets,Wednesday,2024,4526.0,3469.0,7995.0
14/08/2024,NewYork,ShoppingMall,Wednesday,2024,10719.0,9846.0,20565.0
15/08/2024,NewYork,ATM Outlets,Thursday,2024,4326.0,3607.0,7933.0
15/08/2024,NewYork,ShoppingMall,Thursday,2024,8902.0,8714.0,17616.0
16/08/2024,NewYork,ATM Outlets,Friday,2024,5053.0,4077.0,9130.0
16/08/2024,NewYork,ShoppingMall,Friday,2024,11805.0,11629.0,23434.0
17/08/2024,NewYork,ATM Outlets,Saturday,2024,6201.0,4769.0,10970.0
17/08/2024,NewYork,ShoppingMall,Saturday,2024,13109.0,12366.0,25475.0
18/08/2024,NewYork,ATM Outlets,Sunday,2024,4283.0,3471.0,7754.0
18/08/2024,NewYork,ShoppingMall,Sunday,2024,10414.0,9519.0,19933.0
19/08/2024,NewYork,ATM Outlets,Monday,2024,3988.0,3158.0,7146.0
19/08/2024,NewYork,ShoppingMall,Monday,2024,9383.0,9394.0,18777.0
20/08/2024,NewYork,ATM Outlets,Tuesday,2024,4605.0,3652.0,8257.0
20/08/2024,NewYork,ShoppingMall,Tuesday,2024,10971.0,11921.0,22892.0
21/08/2024,NewYork,ATM Outlets,Wednesday,2024,4845.0,3689.0,8534.0
21/08/2024,NewYork,ShoppingMall,Wednesday,2024,9626.0,9653.0,19279.0
22/08/2024,NewYork,ATM Outlets,Thursday,2024,4868.0,3730.0,8598.0
22/08/2024,NewYork,ShoppingMall,Thursday,2024,8895.0,9391.0,18286.0
23/08/2024,NewYork,ATM Outlets,Friday,2024,5507.0,3981.0,9488.0
23/08/2024,NewYork,ShoppingMall,Friday,2024,10948.0,10159.0,21107.0
24/08/2024,NewYork,ATM Outlets,Saturday,2024,7104.0,4558.0,11662.0
24/08/2024,NewYork,ShoppingMall,Saturday,2024,12565.0,12028.0,24593.0
25/08/2024,NewYork,ATM Outlets,Sunday,2024,4878.0,4140.0,9018.0
25/08/2024,NewYork,ShoppingMall,Sunday,2024,9988.0,9457.0,19445.0
01/09/2024,NewYork,ATM Outlets,Sunday,2024,3196.0,2569.0,5765.0
01/09/2024,NewYork,ShoppingMall,Sunday,2024,11510.0,13182.0,24692.0
26/08/2024,NewYork,ATM Outlets,Monday,2024,4791.0,3814.0,8605.0
26/08/2024,NewYork,ShoppingMall,Monday,2024,10517.0,9356.0,19873.0
27/08/2024,NewYork,ATM Outlets,Tuesday,2024,4162.0,3254.0,7416.0
27/08/2024,NewYork,ShoppingMall,Tuesday,2024,14475.0,14455.0,28930.0
28/08/2024,NewYork,ATM Outlets,Wednesday,2024,4513.0,3677.0,8190.0
28/08/2024,NewYork,ShoppingMall,Wednesday,2024,16742.0,17789.0,34531.0
29/08/2024,NewYork,ATM Outlets,Thursday,2024,4444.0,3505.0,7949.0
29/08/2024,NewYork,ShoppingMall,Thursday,2024,17692.0,19061.0,36753.0
30/08/2024,NewYork,ATM Outlets,Friday,2024,4682.0,3540.0,8222.0
30/08/2024,NewYork,ShoppingMall,Friday,2024,19760.0,22354.0,42114.0
31/08/2024,NewYork,ATM Outlets,Saturday,2024,5473.0,3968.0,9441.0
31/08/2024,NewYork,ShoppingMall,Saturday,2024,23111.0,24106.0,47217.0
02/09/2024,NewYork,ATM Outlets,Monday,2024,3671.0,3024.0,6695.0
02/09/2024,NewYork,ShoppingMall,Monday,2024,13076.0,14622.0,27698.0
03/09/2024,NewYork,ATM Outlets,Tuesday,2024,3830.0,2891.0,6721.0
03/09/2024,NewYork,ShoppingMall,Tuesday,2024,14807.0,16243.0,31050.0
04/09/2024,NewYork,ATM Outlets,Wednesday,2024,3663.0,2970.0,6633.0
04/09/2024,NewYork,ShoppingMall,Wednesday,2024,12098.0,13326.0,25424.0
05/09/2024,NewYork,ATM Outlets,Thursday,2024,3923.0,3032.0,6955.0
05/09/2024,NewYork,ShoppingMall,Thursday,2024,12073.0,13447.0,25520.0
06/09/2024,NewYork,ATM Outlets,Friday,2024,4975.0,3572.0,8547.0
06/09/2024,NewYork,ShoppingMall,Friday,2024,17939.0,19261.0,37200.0
07/09/2024,NewYork,ATM Outlets,Saturday,2024,5907.0,4245.0,10152.0
07/09/2024,NewYork,ShoppingMall,Saturday,2024,19408.0,21408.0,40816.0
08/09/2024,NewYork,ATM Outlets,Sunday,2024,3644.0,3060.0,6704.0
08/09/2024,NewYork,ShoppingMall,Sunday,2024,10875.0,12755.0,23630.0
09/09/2024,NewYork,ATM Outlets,Monday,2024,3998.0,3260.0,7258.0
09/09/2024,NewYork,ShoppingMall,Monday,2024,13473.0,15647.0,29120.0
10/09/2024,NewYork,ATM Outlets,Tuesday,2024,3907.0,3013.0,6920.0
10/09/2024,NewYork,ShoppingMall,Tuesday,2024,13850.0,14806.0,28656.0
11/09/2024,NewYork,ATM Outlets,Wednesday,2024,4146.0,3306.0,7452.0
11/09/2024,NewYork,ShoppingMall,Wednesday,2024,11058.0,12690.0,23748.0
12/09/2024,NewYork,ATM Outlets,Thursday,2024,4077.0,3185.0,7262.0
12/09/2024,NewYork,ShoppingMall,Thursday,2024,11117.0,12899.0,24016.0
13/09/2024,NewYork,ATM Outlets,Friday,2024,4708.0,3815.0,8523.0
13/09/2024,NewYork,ShoppingMall,Friday,2024,13764.0,15138.0,28902.0
14/09/2024,NewYork,ATM Outlets,Saturday,2024,5869.0,4467.0,10336.0
14/09/2024,NewYork,ShoppingMall,Saturday,2024,17694.0,19579.0,37273.0
15/09/2024,NewYork,ATM Outlets,Sunday,2024,3531.0,2961.0,6492.0
15/09/2024,NewYork,ShoppingMall,Sunday,2024,9546.0,12271.0,21817.0
16/09/2024,NewYork,ATM Outlets,Monday,2024,3797.0,3124.0,6921.0
16/09/2024,NewYork,ShoppingMall,Monday,2024,13094.0,15382.0,28476.0
17/09/2024,NewYork,ATM Outlets,Tuesday,2024,4227.0,3283.0,7510.0
17/09/2024,NewYork,ShoppingMall,Tuesday,2024,12954.0,14329.0,27283.0
18/09/2024,NewYork,ATM Outlets,Wednesday,2024,4336.0,3485.0,7821.0
18/09/2024,NewYork,ShoppingMall,Wednesday,2024,13109.0,14825.0,27934.0
19/09/2024,NewYork,ATM Outlets,Thursday,2024,4627.0,3655.0,8282.0
19/09/2024,NewYork,ShoppingMall,Thursday,2024,12946.0,15328.0,28274.0
20/09/2024,NewYork,ATM Outlets,Friday,2024,5378.0,3996.0,9374.0
20/09/2024,NewYork,ShoppingMall,Friday,2024,14758.0,17498.0,32256.0
21/09/2024,NewYork,ATM Outlets,Saturday,2024,6317.0,4808.0,11125.0
21/09/2024,NewYork,ShoppingMall,Saturday,2024,20651.0,24834.0,45485.0
22/09/2024,NewYork,ATM Outlets,Sunday,2024,4038.0,3084.0,7122.0
22/09/2024,NewYork,ShoppingMall,Sunday,2024,13607.0,16725.0,30332.0
23/09/2024,NewYork,ATM Outlets,Monday,2024,3632.0,2646.0,6278.0
23/09/2024,NewYork,ShoppingMall,Monday,2024,13237.0,13101.0,26338.0
24/09/2024,NewYork,ATM Outlets,Tuesday,2024,4287.0,3211.0,7498.0
24/09/2024,NewYork,ShoppingMall,Tuesday,2024,12787.0,12077.0,24864.0
25/09/2024,NewYork,ATM Outlets,Wednesday,2024,4533.0,3436.0,7969.0
25/09/2024,NewYork,ShoppingMall,Wednesday,2024,12859.0,12440.0,25299.0
26/09/2024,NewYork,ATM Outlets,Thursday,2024,3443.0,2661.0,6104.0
26/09/2024,NewYork,ShoppingMall,Thursday,2024,11332.0,10645.0,21977.0
27/09/2024,NewYork,ATM Outlets,Friday,2024,5447.0,4004.0,9451.0
27/09/2024,NewYork,ShoppingMall,Friday,2024,18600.0,17219.0,35819.0
28/09/2024,NewYork,ATM Outlets,Saturday,2024,6977.0,5246.0,12223.0
28/09/2024,NewYork,ShoppingMall,Saturday,2024,23816.0,22871.0,46687.0
29/09/2024,NewYork,ATM Outlets,Sunday,2024,4562.0,3697.0,8259.0
29/09/2024,NewYork,ShoppingMall,Sunday,2024,13237.0,13159.0,26396.0
01/10/2024,NewYork,ATM Outlets,Tuesday,2024,3593.0,2786.0,6379.0
01/10/2024,NewYork,ShoppingMall,Tuesday,2024,9204.0,9529.0,18733.0
02/10/2024,NewYork,ATM Outlets,Wednesday,2024,4257.0,3308.0,7565.0
02/10/2024,NewYork,ShoppingMall,Wednesday,2024,9606.0,9262.0,18868.0
03/10/2024,NewYork,ATM Outlets,Thursday,2024,4291.0,3430.0,7721.0
03/10/2024,NewYork,ShoppingMall,Thursday,2024,7512.0,7337.0,14849.0
04/10/2024,NewYork,ATM Outlets,Friday,2024,5347.0,3988.0,9335.0
04/10/2024,NewYork,ShoppingMall,Friday,2024,10428.0,9741.0,20169.0
05/10/2024,NewYork,ATM Outlets,Saturday,2024,6957.0,4694.0,11651.0
05/10/2024,NewYork,ShoppingMall,Saturday,2024,16138.0,15177.0,31315.0
06/10/2024,NewYork,ATM Outlets,Sunday,2024,4040.0,3139.0,7179.0
06/10/2024,NewYork,ShoppingMall,Sunday,2024,7879.0,7852.0,15731.0
30/09/2024,NewYork,ATM Outlets,Monday,2024,2891.0,2210.0,5101.0
30/09/2024,NewYork,ShoppingMall,Monday,2024,6103.0,6114.0,12217.0
07/10/2024,NewYork,ATM Outlets,Monday,2024,3885.0,2914.0,6799.0
07/10/2024,NewYork,ShoppingMall,Monday,2024,10657.0,10642.0,21299.0
08/10/2024,NewYork,ATM Outlets,Tuesday,2024,3895.0,2964.0,6859.0
08/10/2024,NewYork,ShoppingMall,Tuesday,2024,7899.0,7636.0,15535.0
09/10/2024,NewYork,ATM Outlets,Wednesday,2024,3658.0,2937.0,6595.0
09/10/2024,NewYork,ShoppingMall,Wednesday,2024,8793.0,8523.0,17316.0
10/10/2024,NewYork,ATM Outlets,Thursday,2024,4138.0,3264.0,7402.0
10/10/2024,NewYork,ShoppingMall,Thursday,2024,12363.0,12328.0,24691.0
11/10/2024,NewYork,ATM Outlets,Friday,2024,5639.0,4190.0,9829.0
11/10/2024,NewYork,ShoppingMall,Friday,2024,9671.0,8856.0,18527.0
12/10/2024,NewYork,ATM Outlets,Saturday,2024,6845.0,4539.0,11384.0
12/10/2024,NewYork,ShoppingMall,Saturday,2024,19290.0,18517.0,37807.0
13/10/2024,NewYork,ATM Outlets,Sunday,2024,3993.0,3226.0,7219.0
13/10/2024,NewYork,ShoppingMall,Sunday,2024,13999.0,14508.0,28507.0
14/10/2024,NewYork,ATM Outlets,Monday,2024,4286.0,3431.0,7717.0
14/10/2024,NewYork,ShoppingMall,Monday,2024,10096.0,9732.0,19828.0
15/10/2024,NewYork,ATM Outlets,Tuesday,2024,4122.0,3333.0,7455.0
15/10/2024,NewYork,ShoppingMall,Tuesday,2024,9724.0,8972.0,18696.0
16/10/2024,NewYork,ATM Outlets,Wednesday,2024,4214.0,3349.0,7563.0
16/10/2024,NewYork,ShoppingMall,Wednesday,2024,11252.0,10098.0,21350.0
17/10/2024,NewYork,ATM Outlets,Thursday,2024,4472.0,3460.0,7932.0
17/10/2024,NewYork,ShoppingMall,Thursday,2024,9615.0,8436.0,18051.0
18/10/2024,NewYork,ATM Outlets,Friday,2024,5511.0,4322.0,9833.0
18/10/2024,NewYork,ShoppingMall,Friday,2024,11454.0,10492.0,21946.0
19/10/2024,NewYork,ATM Outlets,Saturday,2024,6513.0,4970.0,11483.0
19/10/2024,NewYork,ShoppingMall,Saturday,2024,16559.0,13835.0,30394.0
20/10/2024,NewYork,ATM Outlets,Sunday,2024,4199.0,3240.0,7439.0
20/10/2024,NewYork,ShoppingMall,Sunday,2024,11775.0,11214.0,22989.0
21/10/2024,NewYork,ATM Outlets,Monday,2024,4188.0,3374.0,7562.0
21/10/2024,NewYork,ShoppingMall,Monday,2024,10732.0,10070.0,20802.0
22/10/2024,NewYork,ATM Outlets,Tuesday,2024,4325.0,3535.0,7860.0
22/10/2024,NewYork,ShoppingMall,Tuesday,2024,9481.0,9506.0,18987.0
23/10/2024,NewYork,ATM Outlets,Wednesday,2024,4568.0,3526.0,8094.0
23/10/2024,NewYork,ShoppingMall,Wednesday,2024,10287.0,9982.0,20269.0
24/10/2024,NewYork,ATM Outlets,Thursday,2024,4461.0,3745.0,8206.0
24/10/2024,NewYork,ShoppingMall,Thursday,2024,10191.0,10995.0,21186.0
25/10/2024,NewYork,ATM Outlets,Friday,2024,5395.0,4186.0,9581.0
25/10/2024,NewYork,ShoppingMall,Friday,2024,11890.0,11372.0,23262.0
26/10/2024,NewYork,ATM Outlets,Saturday,2024,7258.0,5325.0,12583.0
26/10/2024,NewYork,ShoppingMall,Saturday,2024,16242.0,15921.0,32163.0
27/10/2024,NewYork,ATM Outlets,Sunday,2024,5366.0,3941.0,9307.0
27/10/2024,NewYork,ShoppingMall,Sunday,2024,10966.0,9839.0,20805.0
01/11/2024,NewYork,ATM Outlets,Friday,2024,6044.0,4771.0,10815.0
01/11/2024,NewYork,ShoppingMall,Friday,2024,14035.0,14001.0,28036.0
02/11/2024,NewYork,ATM Outlets,Saturday,2024,6494.0,4612.0,11106.0
02/11/2024,NewYork,ShoppingMall,Saturday,2024,13658.0,13822.0,27480.0
03/11/2024,NewYork,ATM Outlets,Sunday,2024,4053.0,3203.0,7256.0
03/11/2024,NewYork,ShoppingMall,Sunday,2024,8198.0,8334.0,16532.0
28/10/2024,NewYork,ATM Outlets,Monday,2024,5254.0,4220.0,9474.0
28/10/2024,NewYork,ShoppingMall,Monday,2024,11989.0,12434.0,24423.0
29/10/2024,NewYork,ATM Outlets,Tuesday,2024,5554.0,4524.0,10078.0
29/10/2024,NewYork,ShoppingMall,Tuesday,2024,11382.0,11261.0,22643.0
30/10/2024,NewYork,ATM Outlets,Wednesday,2024,5331.0,4442.0,9773.0
30/10/2024,NewYork,ShoppingMall,Wednesday,2024,11710.0,10650.0,22360.0
31/10/2024,NewYork,ATM Outlets,Thursday,2024,5455.0,4321.0,9776.0
31/10/2024,NewYork,ShoppingMall,Thursday,2024,11360.0,11337.0,22697.0
04/11/2024,NewYork,ATM Outlets,Monday,2024,3524.0,2760.0,6284.0
04/11/2024,NewYork,ShoppingMall,Monday,2024,8360.0,7466.0,15826.0
05/11/2024,NewYork,ATM Outlets,Tuesday,2024,3791.0,3067.0,6858.0
05/11/2024,NewYork,ShoppingMall,Tuesday,2024,8444.0,8014.0,16458.0
06/11/2024,NewYork,ATM Outlets,Wednesday,2024,4134.0,3152.0,7286.0
06/11/2024,NewYork,ShoppingMall,Wednesday,2024,8123.0,7742.0,15865.0
07/11/2024,NewYork,ATM Outlets,Thursday,2024,4055.0,3295.0,7350.0
07/11/2024,NewYork,ShoppingMall,Thursday,2024,7712.0,7384.0,15096.0
08/11/2024,NewYork,ATM Outlets,Friday,2024,5049.0,3885.0,8934.0
08/11/2024,NewYork,ShoppingMall,Friday,2024,10147.0,9663.0,19810.0
09/11/2024,NewYork,ATM Outlets,Saturday,2024,6417.0,4798.0,11215.0
09/11/2024,NewYork,ShoppingMall,Saturday,2024,12640.0,12490.0,25130.0
10/11/2024,NewYork,ATM Outlets,Sunday,2024,4505.0,3366.0,7871.0
10/11/2024,NewYork,ShoppingMall,Sunday,2024,8458.0,7900.0,16358.0
11/11/2024,NewYork,ATM Outlets,Monday,2024,3801.0,3051.0,6852.0
11/11/2024,NewYork,ShoppingMall,Monday,2024,7143.0,7167.0,14310.0
12/11/2024,NewYork,ATM Outlets,Tuesday,2024,3730.0,3037.0,6767.0
12/11/2024,NewYork,ShoppingMall,Tuesday,2024,6536.0,6531.0,13067.0
13/11/2024,NewYork,ATM Outlets,Wednesday,2024,4231.0,3453.0,7684.0
13/11/2024,NewYork,ShoppingMall,Wednesday,2024,8074.0,8115.0,16189.0
14/11/2024,NewYork,ATM Outlets,Thursday,2024,4338.0,3692.0,8030.0
14/11/2024,NewYork,ShoppingMall,Thursday,2024,13494.0,12704.0,26198.0
15/11/2024,NewYork,ATM Outlets,Friday,2024,5863.0,4656.0,10519.0
15/11/2024,NewYork,ShoppingMall,Friday,2024,14171.0,13539.0,27710.0
16/11/2024,NewYork,ATM Outlets,Saturday,2024,8254.0,5979.0,14233.0
16/11/2024,NewYork,ShoppingMall,Saturday,2024,23149.0,21403.0,44552.0
17/11/2024,NewYork,ATM Outlets,Sunday,2024,5052.0,4157.0,9209.0
17/11/2024,NewYork,ShoppingMall,Sunday,2024,16825.0,16692.0,33517.0
18/11/2024,NewYork,ATM Outlets,Monday,2024,4210.0,3172.0,7382.0
18/11/2024,NewYork,ShoppingMall,Monday,2024,13154.0,12557.0,25711.0
19/11/2024,NewYork,ATM Outlets,Tuesday,2024,3897.0,2900.0,6797.0
19/11/2024,NewYork,ShoppingMall,Tuesday,2024,11825.0,11015.0,22840.0
20/11/2024,NewYork,ATM Outlets,Wednesday,2024,4266.0,3503.0,7769.0
20/11/2024,NewYork,ShoppingMall,Wednesday,2024,13607.0,12879.0,26486.0
21/11/2024,NewYork,ATM Outlets,Thursday,2024,4230.0,3669.0,7899.0
21/11/2024,NewYork,ShoppingMall,Thursday,2024,13303.0,12794.0,26097.0
22/11/2024,NewYork,ATM Outlets,Friday,2024,5194.0,4335.0,9529.0
22/11/2024,NewYork,ShoppingMall,Friday,2024,12186.0,12461.0,24647.0
23/11/2024,NewYork,ATM Outlets,Saturday,2024,6196.0,4802.0,10998.0
23/11/2024,NewYork,ShoppingMall,Saturday,2024,9717.0,9452.0,19169.0
24/11/2024,NewYork,ATM Outlets,Sunday,2024,5246.0,4091.0,9337.0
24/11/2024,NewYork,ShoppingMall,Sunday,2024,17166.0,15980.0,33146.0
01/12/2024,NewYork,ATM Outlets,Sunday,2024,4862.0,4378.0,9240.0
01/12/2024,NewYork,ShoppingMall,Sunday,2024,19226.0,18770.0,37996.0
25/11/2024,NewYork,ATM Outlets,Monday,2024,4182.0,3443.0,7625.0
25/11/2024,NewYork,ShoppingMall,Monday,2024,13515.0,14253.0,27768.0
26/11/2024,NewYork,ATM Outlets,Tuesday,2024,4107.0,3513.0,7620.0
26/11/2024,NewYork,ShoppingMall,Tuesday,2024,13882.0,14155.0,28037.0
27/11/2024,NewYork,ATM Outlets,Wednesday,2024,4625.0,3583.0,8208.0
27/11/2024,NewYork,ShoppingMall,Wednesday,2024,12789.0,13230.0,26019.0
28/11/2024,NewYork,ATM Outlets,Thursday,2024,4427.0,3852.0,8279.0
28/11/2024,NewYork,ShoppingMall,Thursday,2024,12208.0,12327.0,24535.0
29/11/2024,NewYork,ATM Outlets,Friday,2024,6371.0,5018.0,11389.0
29/11/2024,NewYork,ShoppingMall,Friday,2024,21391.0,21477.0,42868.0
30/11/2024,NewYork,ATM Outlets,Saturday,2024,8207.0,6812.0,15019.0
30/11/2024,NewYork,ShoppingMall,Saturday,2024,23762.0,22272.0,46034.0
02/12/2024,NewYork,ATM Outlets,Monday,2024,4065.0,3608.0,7673.0
02/12/2024,NewYork,ShoppingMall,Monday,2024,18289.0,18506.0,36795.0
03/12/2024,NewYork,ATM Outlets,Tuesday,2024,4574.0,3516.0,8090.0
03/12/2024,NewYork,ShoppingMall,Tuesday,2024,17817.0,17103.0,34920.0
04/12/2024,NewYork,ATM Outlets,Wednesday,2024,4661.0,3632.0,8293.0
04/12/2024,NewYork,ShoppingMall,Wednesday,2024,17334.0,17192.0,34526.0
05/12/2024,NewYork,ATM Outlets,Thursday,2024,4431.0,3677.0,8108.0
05/12/2024,NewYork,ShoppingMall,Thursday,2024,14874.0,15466.0,30340.0
06/12/2024,NewYork,ATM Outlets,Friday,2024,5910.0,4745.0,10655.0
06/12/2024,NewYork,ShoppingMall,Friday,2024,19744.0,19279.0,39023.0
07/12/2024,NewYork,ATM Outlets,Saturday,2024,6427.0,4691.0,11118.0
07/12/2024,NewYork,ShoppingMall,Saturday,2024,14040.0,14011.0,28051.0
08/12/2024,NewYork,ATM Outlets,Sunday,2024,4862.0,3520.0,8382.0
08/12/2024,NewYork,ShoppingMall,Sunday,2024,18076.0,17381.0,35457.0
09/12/2024,NewYork,ATM Outlets,Monday,2024,4630.0,3586.0,8216.0
09/12/2024,NewYork,ShoppingMall,Monday,2024,16508.0,16099.0,32607.0
10/12/2024,NewYork,ATM Outlets,Tuesday,2024,4542.0,3747.0,8289.0
10/12/2024,NewYork,ShoppingMall,Tuesday,2024,17312.0,16581.0,33893.0
11/12/2024,NewYork,ATM Outlets,Wednesday,2024,4872.0,3693.0,8565.0
11/12/2024,NewYork,ShoppingMall,Wednesday,2024,17819.0,17058.0,34877.0
12/12/2024,NewYork,ATM Outlets,Thursday,2024,5096.0,3915.0,9011.0
12/12/2024,NewYork,ShoppingMall,Thursday,2024,16077.0,16315.0,32392.0
13/12/2024,NewYork,ATM Outlets,Friday,2024,6152.0,4767.0,10919.0
13/12/2024,NewYork,ShoppingMall,Friday,2024,17433.0,17338.0,34771.0
14/12/2024,NewYork,ATM Outlets,Saturday,2024,7006.0,5856.0,12862.0
14/12/2024,NewYork,ShoppingMall,Saturday,2024,20204.0,20031.0,40235.0
15/12/2024,NewYork,ATM Outlets,Sunday,2024,5436.0,4302.0,9738.0
15/12/2024,NewYork,ShoppingMall,Sunday,2024,8552.0,8562.0,17114.0
16/12/2024,NewYork,ATM Outlets,Monday,2024,4943.0,3858.0,8801.0
16/12/2024,NewYork,ShoppingMall,Monday,2024,17514.0,16361.0,33875.0
17/12/2024,NewYork,ATM Outlets,Tuesday,2024,4921.0,3963.0,8884.0
17/12/2024,NewYork,ShoppingMall,Tuesday,2024,13682.0,13827.0,27509.0
18/12/2024,NewYork,ATM Outlets,Wednesday,2024,4362.0,3654.0,8016.0
18/12/2024,NewYork,ShoppingMall,Wednesday,2024,15562.0,15129.0,30691.0
19/12/2024,NewYork,ATM Outlets,Thursday,2024,4211.0,3756.0,7967.0
19/12/2024,NewYork,ShoppingMall,Thursday,2024,12805.0,13901.0,26706.0
20/12/2024,NewYork,ATM Outlets,Friday,2024,5127.0,4224.0,9351.0
20/12/2024,NewYork,ShoppingMall,Friday,2024,16763.0,16475.0,33238.0
21/12/2024,NewYork,ATM Outlets,Saturday,2024,5840.0,5129.0,10969.0
21/12/2024,NewYork,ShoppingMall,Saturday,2024,24491.0,22760.0,47251.0
22/12/2024,NewYork,ATM Outlets,Sunday,2024,3923.0,4101.0,8024.0
22/12/2024,NewYork,ShoppingMall,Sunday,2024,18612.0,18096.0,36708.0
23/12/2024,NewYork,ATM Outlets,Monday,2024,4170.0,3731.0,7901.0
23/12/2024,NewYork,ShoppingMall,Monday,2024,11392.0,11701.0,23093.0
24/12/2024,NewYork,ATM Outlets,Tuesday,2024,2929.0,2743.0,5672.0
24/12/2024,NewYork,ShoppingMall,Tuesday,2024,7549.0,8352.0,15901.0
25/12/2024,NewYork,ATM Outlets,Wednesday,2024,1155.0,1088.0,2243.0
25/12/2024,NewYork,ShoppingMall,Wednesday,2024,1091.0,1014.0,2105.0
26/12/2024,NewYork,ATM Outlets,Thursday,2024,2245.0,1955.0,4200.0
26/12/2024,NewYork,ShoppingMall,Thursday,2024,4137.0,3702.0,7839.0
27/12/2024,NewYork,ATM Outlets,Friday,2024,3957.0,3092.0,7049.0
27/12/2024,NewYork,ShoppingMall,Friday,2024,9529.0,8244.0,17773.0
28/12/2024,NewYork,ATM Outlets,Saturday,2024,4814.0,4282.0,9096.0
28/12/2024,NewYork,ShoppingMall,Saturday,2024,11223.0,10045.0,21268.0
29/12/2024,NewYork,ATM Outlets,Sunday,2024,3903.0,3602.0,7505.0
29/12/2024,NewYork,ShoppingMall,Sunday,2024,8023.0,7921.0,15944.0
01/01/2025,NewYork,ATM Outlets,Wednesday,2025,2651.0,2664.0,5315.0
01/01/2025,NewYork,ShoppingMall,Wednesday,2025,4117.0,4446.0,8563.0
02/01/2025,NewYork,ATM Outlets,Thursday,2025,3452.0,3208.0,6660.0
02/01/2025,NewYork,ShoppingMall,Thursday,2025,8300.0,9326.0,17626.0
03/01/2025,NewYork,ATM Outlets,Friday,2025,3663.0,3278.0,6941.0
03/01/2025,NewYork,ShoppingMall,Friday,2025,7020.0,7675.0,14695.0
04/01/2025,NewYork,ATM Outlets,Saturday,2025,3723.0,3180.0,6903.0
04/01/2025,NewYork,ShoppingMall,Saturday,2025,7546.0,8066.0,15612.0
05/01/2025,NewYork,ATM Outlets,Sunday,2025,1598.0,1597.0,3195.0
05/01/2025,NewYork,ShoppingMall,Sunday,2025,2189.0,3018.0,5207.0
30/12/2024,NewYork,ATM Outlets,Monday,2025,4338.0,3884.0,8222.0
30/12/2024,NewYork,ShoppingMall,Monday,2025,10749.0,10560.0,21309.0
31/12/2024,NewYork,ATM Outlets,Tuesday,2025,4103.0,3394.0,7497.0
31/12/2024,NewYork,ShoppingMall,Tuesday,2025,7697.0,7710.0,15407.0
06/01/2025,NewYork,ATM Outlets,Monday,2025,2399.0,2094.0,4493.0
06/01/2025,NewYork,ShoppingMall,Monday,2025,4142.0,4699.0,8841.0
07/01/2025,NewYork,ATM Outlets,Tuesday,2025,2382.0,1996.0,4378.0
07/01/2025,NewYork,ShoppingMall,Tuesday,2025,4330.0,4625.0,8955.0
08/01/2025,NewYork,ATM Outlets,Wednesday,2025,2370.0,2047.0,4417.0
08/01/2025,NewYork,ShoppingMall,Wednesday,2025,4439.0,5440.0,9879.0
09/01/2025,NewYork,ATM Outlets,Thursday,2025,2534.0,2238.0,4772.0
09/01/2025,NewYork,ShoppingMall,Thursday,2025,5005.0,5997.0,11002.0
10/01/2025,NewYork,ATM Outlets,Friday,2025,2867.0,2505.0,5372.0
10/01/2025,NewYork,ShoppingMall,Friday,2025,4560.0,5113.0,9673.0
11/01/2025,NewYork,ATM Outlets,Saturday,2025,3344.0,3276.0,6620.0
11/01/2025,NewYork,ShoppingMall,Saturday,2025,6141.0,6714.0,12855.0
12/01/2025,NewYork,ATM Outlets,Sunday,2025,2875.0,2250.0,5125.0
12/01/2025,NewYork,ShoppingMall,Sunday,2025,4613.0,5169.0,9782.0
13/01/2025,NewYork,ATM Outlets,Monday,2025,2711.0,2409.0,5120.0
13/01/2025,NewYork,ShoppingMall,Monday,2025,4631.0,5027.0,9658.0
14/01/2025,NewYork,ATM Outlets,Tuesday,2025,2741.0,2371.0,5112.0
14/01/2025,NewYork,ShoppingMall,Tuesday,2025,4918.0,5109.0,10027.0
15/01/2025,NewYork,ATM Outlets,Wednesday,2025,2435.0,2212.0,4647.0
15/01/2025,NewYork,ShoppingMall,Wednesday,2025,4310.0,4616.0,8926.0
16/01/2025,NewYork,ATM Outlets,Thursday,2025,2645.0,2570.0,5215.0
16/01/2025,NewYork,ShoppingMall,Thursday,2025,4753.0,5060.0,9813.0
17/01/2025,NewYork,ATM Outlets,Friday,2025,3477.0,2984.0,6461.0
17/01/2025,NewYork,ShoppingMall,Friday,2025,6149.0,6394.0,12543.0
18/01/2025,NewYork,ATM Outlets,Saturday,2025,4285.0,3676.0,7961.0
18/01/2025,NewYork,ShoppingMall,Saturday,2025,10515.0,10440.0,20955.0
19/01/2025,NewYork,ATM Outlets,Sunday,2025,2692.0,2316.0,5008.0
19/01/2025,NewYork,ShoppingMall,Sunday,2025,5249.0,5743.0,10992.0
20/01/2025,NewYork,ATM Outlets,Monday,2025,2534.0,2213.0,4747.0
20/01/2025,NewYork,ShoppingMall,Monday,2025,5115.0,5452.0,10567.0
21/01/2025,NewYork,ATM Outlets,Tuesday,2025,2834.0,2578.0,5412.0
21/01/2025,NewYork,ShoppingMall,Tuesday,2025,5114.0,5541.0,10655.0
22/01/2025,NewYork,ATM Outlets,Wednesday,2025,2944.0,2686.0,5630.0
22/01/2025,NewYork,ShoppingMall,Wednesday,2025,5327.0,5648.0,10975.0
23/01/2025,NewYork,ATM Outlets,Thursday,2025,2604.0,2528.0,5132.0
23/01/2025,NewYork,ShoppingMall,Thursday,2025,4784.0,5324.0,10108.0
24/01/2025,NewYork,ATM Outlets,Friday,2025,3256.0,3014.0,6270.0
24/01/2025,NewYork,ShoppingMall,Friday,2025,5370.0,5874.0,11244.0
25/01/2025,NewYork,ATM Outlets,Saturday,2025,4490.0,4278.0,8768.0
25/01/2025,NewYork,ShoppingMall,Saturday,2025,9323.0,10259.0,19582.0
26/01/2025,NewYork,ATM Outlets,Sunday,2025,2490.0,2367.0,4857.0
26/01/2025,NewYork,ShoppingMall,Sunday,2025,4980.0,5772.0,10752.0
